"","DBS1","DBS2","DBS3","DBS4","DBS5","DBS6","DBS7","DBS8","DBS9","DBS10","DBS11"
"test1",0,0,0,0,0.0188836608797104,0,0.144630325350202,0,3.32751550235768,0,0
