"","SBS1","SBS2","SBS3","SBS4","SBS5","SBS6","SBS7a","SBS7b","SBS7c","SBS7d","SBS8","SBS9","SBS10a","SBS10b","SBS11","SBS12","SBS13","SBS14","SBS15","SBS16","SBS17a","SBS17b","SBS18","SBS19","SBS20","SBS21","SBS22","SBS23","SBS24","SBS25","SBS26","SBS28","SBS29","SBS30","SBS31","SBS32","SBS33","SBS34","SBS35","SBS36","SBS37","SBS38","SBS39","SBS40","SBS41","SBS42","SBS44","SBS84","SBS85","SBS86","SBS87","SBS88","SBS89","SBS90"
"test1",0.027098734543655,0.0132846205114705,0.0238652540687712,0.0126271168633225,0.0205216836965567,0.0177487255269454,0.0141197812003028,0.0164546656746649,0.0104242565936172,0.0113535730003304,0.0126476991744179,0.0198064924802457,0.00793449051561135,0.01419325906038,0.0181736812470183,0.017371735614199,0.0118132042783008,0.00905739447489124,0.0120768447426178,0.0132269900146485,0.0253581968626226,0.0154041523793954,0.0120054966315358,0.0145840012209863,0.0122570836150423,0.0123161996459393,0.0102601832018674,0.0139676234053346,0.0123961818694288,0.0161307865252822,0.017542363071072,0.0150523166015913,0.0118533350053934,0.0167904542750499,0.0148036184816496,0.0213458032990989,0.014555433783609,0.00873345048462504,0.0124185940825725,0.010340548370248,0.0317026465812243,0.00910563456890708,0.05026970516502,0.0187726911923462,0.0121883585262983,0.0120048240218578,0.0124867383672157,0.0199503100134637,0.0134788100582468,0.0229038510778748,0.0394806873417828,0.0135319607423336,0.143431827169123,0.00877592907999464
