"","Signature 1","Signature 2","Signature 3","Signature 4","Signature 5","Signature 6","Signature 7","Signature 8","Signature 9","Signature 10","Signature 11","Signature 12","Signature 13","Signature 14","Signature 15","Signature 16","Signature 17","Signature 18","Signature 19","Signature 20","Signature 21","Signature 22","Signature 23","Signature 24","Signature 25","Signature 26","Signature 27","Signature 28","Signature 29","Signature 30"
"test1",0.0238608456459595,0.0119144571160515,0.099741950051054,0.0476995055596977,0.0412162103802847,0.0321163852626902,0.0114254590355749,0.0289490805183178,0.0338102927461132,0.0111051963380496,0.0148504070439988,0.0310161483631619,0.0137887801789315,0.0207304546946125,0.0240978628158453,0.0318052495290161,0.0381266720905849,0.0212301861394799,0.0167323713500165,0.0759119976747934,0.0232862045358977,0.0368823513166773,0.0129902698675982,0.0735468796818113,0.034986489416977,0.0354999185300873,0.0212647647739925,0.0782660272282619,0.0289587956778459,0.0241887864366171
