"","DBS1","DBS2","DBS3","DBS4","DBS5","DBS6","DBS7","DBS8","DBS9","DBS10","DBS11"
"test1",0.0782631091304426,0.0709801850014504,0.081183273459359,0.0772689002052755,0.0797916756685384,0.0759268152303039,0.105218290203238,0.0788502129118058,0.179520221405708,0.07419617641055,0.0988011403733274
